{"sections":{"slideshow":{"type":"slideshow","blocks":{"slide-1":{"type":"image","settings":{}},"slide-2":{"type":"image","settings":{}}},"block_order":["slide-1","slide-2"],"settings":{}},"featured-collections":{"type":"featured-collections","blocks":{"collection-1":{"type":"collection","settings":{}}},"block_order":["collection-1"],"settings":{}},"multi-column":{"type":"multi-column","blocks":{"column-1":{"type":"image_with_text","settings":{}},"column-2":{"type":"image_with_text","settings":{}},"column-3":{"type":"image_with_text","settings":{}}},"block_order":["column-1","column-2","column-3"],"settings":{}},"collection-list":{"type":"collection-list","blocks":{"collection-1":{"type":"collection","settings":{}},"collection-2":{"type":"collection","settings":{}},"collection-3":{"type":"collection","settings":{}},"collection-4":{"type":"collection","settings":{}},"collection-5":{"type":"collection","settings":{}},"collection-6":{"type":"collection","settings":{}}},"block_order":["collection-1","collection-2","collection-3","collection-4","collection-5","collection-6"],"settings":{}},"before-after":{"type":"before-after","blocks":{"before":{"type":"before","settings":{}},"after":{"type":"after","settings":{}}},"block_order":["before","after"],"settings":{}},"image-with-text-scroll":{"type":"images-with-text-scroll","blocks":{"item-1":{"type":"image_with_text","settings":{"title":"#1","content":"<p>Welcome your customers to your store by sharing temporary offers or explaining to them what your products are about.<\/p>"}},"item-2":{"type":"image_with_text","settings":{"title":"#2","content":"<p>Create trust with your customers by explaining the story of your brand. Share your values or what is important to you.<\/p>"}},"item-3":{"type":"image_with_text","settings":{"title":"#3","content":"<p>Share information about your product with your customers. Describe a product, and share info about your production process...<\/p>"}}},"block_order":["item-1","item-2","item-3"],"settings":{}},"multiple-media-with-text":{"type":"multiple-media-with-text","blocks":{"image-1":{"type":"image","settings":{}},"image-2":{"type":"image","settings":{}}},"block_order":["image-1","image-2"],"settings":{}},"newsletter":{"type":"newsletter","settings":{}},"shop-the-look":{"type":"shop-the-look","blocks":{"look-1":{"type":"look","settings":{}}},"block_order":["look-1"],"settings":{}},"blog-posts":{"type":"blog-posts","settings":{}}},"order":["slideshow","featured-collections","multi-column","collection-list","before-after","image-with-text-scroll","multiple-media-with-text","newsletter","shop-the-look","blog-posts"]}